"SITEID","X1Q10","X7Q10","X30Q5","X30Q10","HF7Q10","HARMEAN","Comment_1Q10","Comment_7Q10","Comment_30Q5","Comment_30Q10","Comment_HF7Q10","USGS1Q10","USGS7Q10","USGS30Q5","USGS30Q10","USGSHF7Q10","USGSHARMEAN","NOTES","diff1Q10","diff7Q10","diff30Q5","diff30Q10","diffHF7Q10","diffHARMEAN"
"01484800",0,0,0.0573454174674282,0.0171322974502477,2.90362924141743,0.279447812315853,NA,NA,NA,NA,NA,0,0,0.06,0.03,0.297,NA,"","  0","  0","0.0027","0.013","2.6"," NA"
"01613900",0.266374152272202,0.405214391558916,0.745464407218796,0.588526946766971,34.0481343758368,2.75204987536127,NA,NA,NA,NA,NA,0.24,0.38,0.68,0.55,1.36,2.7,"","0.026","0.025","0.065","0.039"," 33","0.052"
"01615000",1.15473716913331,1.62218250742431,3.48887522607884,2.51319639598587,135.030524384315,11.6145936083863,NA,NA,NA,NA,NA,1.2,1.67,3.45,2.4,4.1,10.2,"Unregulated Stats, 43-88","0.045","0.048","0.039","0.11","1.3e+02","1.4"
"01616000",5.63413324901286,6.48195116310153,8.17917850667799,7.65485925522911,34.772211123984,15.3698644993197,NA,NA,NA,NA,NA,5.5,6.34,8.29,7.34,9.2,15.4,"Spring Fed & STP Discharge","0.13","0.14","0.11","0.31"," 26","0.03"
"01620500",0.193670558056696,0.215489180571822,0.470636367846949,0.33802532579067,100.524643045689,2.90549174766375,NA,NA,NA,NA,NA,0.21,0.23,0.47,0.32,2.6,2.8,"","0.016","0.015","0.00064","0.018"," 98","0.11"
"01621050",0.343055201727151,0.373526024474857,0.907178195392004,0.650331048648034,19.3623445137743,2.83898546549222,NA,NA,NA,NA,NA,0.34,0.39,0.74,0.52,NA,2.8,"","0.0031","0.016","0.17","0.13"," NA","0.039"
"01622000",34.1152346770493,39.281857540765,37.1088432837275,35.294551936198,1189.87513758554,145.717192395228,NA,NA,NA,NA,NA,33.7,39.2,49.7,43.4,67,144,"","0.42","0.082"," 13","8.1","1.1e+03","1.7"
"01624300",26.7598755525236,28.4116857946935,33.6109236092662,32.4233910810411,458.151614978616,87.5387707173855,NA,NA,NA,NA,NA,26.5,28.3,34.7,30.7,36,88,"","0.26","0.11","1.1","1.7","4.2e+02","0.46"
"01624800",10.7491698278646,11.412142183593,15.2858789250022,13.9947329128431,192.030108942046,35.9903133823634,NA,NA,NA,NA,NA,11,11.9,15.2,13.2,19,36,"","0.25","0.49","0.086","0.79","1.7e+02","0.0097"
"01625000",43.1919776233028,47.9935102433619,65.8718350613184,57.12996969995,802.604456246105,156.763907765079,NA,NA,NA,NA,NA,44.1,48.9,65.7,55.7,80,156,"","0.91","0.91","0.17","1.4","7.2e+02","0.76"
"01626000",21.8121447665796,23.0783677698734,27.9194703495594,25.2821441634324,359.14635962664,66.4177658597884,NA,NA,NA,NA,NA,22.1,23.4,27.3,25.1,36,65,"","0.29","0.32","0.62","0.18","3.2e+02","1.4"
"01626500",22.6421184308033,25.9439408645341,29.9395828048884,27.493331494619,401.820388711587,74.2945455215099,NA,NA,NA,NA,NA,23.1,26,31.2,27.6,30,74,"","0.46","0.056","1.3","0.11","3.7e+02","0.29"
"01626850",45.8959042547858,48.1408752925559,51.107688337203,50.1144633647343,399.141325732738,111.446379503948,NA,NA,NA,NA,NA,45.7,47.7,52.8,51,NA,112,"","0.2","0.44","1.7","0.89"," NA","0.55"
"01627500",41.0230864702214,46.7900136380741,56.9963348848594,51.1929043603757,606.977570903683,130.715852518239,NA,NA,NA,NA,NA,42.4,48.2,58.2,52.1,68,129,"","1.4","1.4","1.2","0.91","5.4e+02","1.7"
"01628500",139.018236004455,148.555545828869,192.927415574449,168.947332528914,2786.25548742932,481.564143547954,NA,NA,NA,NA,NA,142,151,190,165,240,479,"","  3","2.4","2.9","3.9","2.5e+03","2.6"
"01629500",181.457386516158,225.809327341463,286.853930373613,257.339090586087,3492.2394061585,688.755624117652,NA,NA,NA,NA,NA,190,225,285,254,331,680,"","8.5","0.81","1.9","3.3","3.2e+03","8.8"
"01631000",185.347383748634,241.779309700874,318.278374406,284.813367507915,3232.05099421978,772.337881749859,NA,NA,NA,NA,NA,197,247,318,286,391,767,""," 12","5.2","0.28","1.2","2.8e+03","5.3"
"01632000",0.624195757066528,0.766130574516155,1.79897056595165,1.06636069753497,887.829337450466,11.5794379799448,NA,NA,NA,NA,NA,0.66,0.81,1.85,1.12,10,11,"","0.036","0.044","0.051","0.054","8.8e+02","0.58"
"01632082",3.29421677287802,3.7297599185637,5.1081336708384,4.27487586697574,50.0299591048474,14.3870581984188,NA,NA,NA,NA,NA,2.86,3.28,4.89,4.05,6,14,"Spring fed","0.43","0.45","0.22","0.22"," 44","0.39"
"01632900",6.64231647431792,7.29385020371263,10.8473244704467,8.82622208240696,163.180111802057,31.1485915719054,NA,NA,NA,NA,NA,6.58,7.25,10.5,8.47,15,31,"","0.062","0.044","0.35","0.36","1.5e+02","0.15"
"01633000",11.641970301661,14.7650237341883,26.9819608291457,20.2146544281848,1383.323496633,103.143394481388,NA,NA,NA,NA,NA,11.6,14.3,27.1,19.5,50,102,"","0.042","0.47","0.12","0.71","1.3e+03","1.1"
"01634000",55.0380497890877,64.5711322433801,85.8032528798545,75.1232694494575,1817.82314953148,239.187890354715,NA,NA,NA,NA,NA,55.5,65.4,86.5,74.7,111,237,"","0.46","0.83","0.7","0.42","1.7e+03","2.2"
"01634500",4.07370790089841,4.58170719952618,7.2142501463094,6.091295037175,307.807543360697,24.9673687467843,NA,NA,NA,NA,NA,4.09,4.6,7.02,5.96,14,25,"","0.016","0.018","0.19","0.13","2.9e+02","0.033"
"01635500",0.997610129220831,1.35824607802138,2.70057207550514,2.07498768562355,263.860427957335,11.2089899100761,NA,NA,NA,NA,NA,1.12,1.4,2.72,2.09,7,11,"","0.12","0.042","0.019","0.015","2.6e+02","0.21"
"01636210",0.0897829060517592,0.164713911570134,0.49767265774541,0.304126658055117,52.1608041718053,2.04823164806247,NA,NA,NA,NA,NA,0.1,0.17,0.45,0.31,1.2,2.1,"","0.01","0.0053","0.048","0.0059"," 51","0.052"
"01638480",0.457926517316591,0.603228500738494,2.77961556478743,1.62077465347818,266.45176193099,11.0079555965797,NA,NA,NA,NA,NA,0.51,0.64,2.66,1.5,7,11,"","0.052","0.037","0.12","0.12","2.6e+02","0.008"
"01643700",0,0.0274831553174572,0.657059656046965,0.168727173536672,228.083190362237,1.86049372120313,NA,NA,NA,NA,NA,0.01,0.04,1.17,0.28,6.7,NA,"Many days of 0 flow","0.01","0.013","0.51","0.11","2.2e+02"," NA"
"01644000",1.27050735548709,1.62468208278781,7.09194322447802,4.01377368597959,720.707249954215,34.0780953730897,NA,NA,NA,NA,NA,1.44,1.79,6.8,3.72,21,33,"","0.17","0.17","0.29","0.29","7e+02","1.1"
"01644291",NA,0,0.00553849542464781,0,0.382732535083111,0.0164234161238053,"No years with 1 day min annual values > 0",NA,NA,NA,NA,NA,0,0,0,NA,NA,"Many days of 0 flow"," NA","  0","0.0055","  0"," NA"," NA"
"01644295",NA,0,0.00601228403347328,0.00356872944281519,1.61274531719054,0.0587860629716144,"No years with 1 day min annual values > 0",NA,NA,NA,NA,0,0,0,0,NA,NA,"Many days of 0 flow"," NA","  0","0.006","0.0036"," NA"," NA"
"01646000",2.10068062029568,2.74205958385615,7.7938469496875,5.54679700426644,106.937530115577,23.0589805823772,NA,NA,NA,NA,NA,2.09,2.64,7.46,4.95,13,23,"","0.011","0.1","0.33","0.6"," 94","0.059"
"01652500",0.934524812549036,1.21303160814846,2.69035037543233,2.14796160271601,51.2855808188452,5.41935411225194,NA,NA,NA,NA,NA,0.88,1.15,2.51,2.03,NA,5.1,"","0.055","0.063","0.18","0.12"," NA","0.32"
"01653000",1.38513658710004,1.9018891077178,4.04547789988291,3.22635073819639,123.636211349372,10.8134623374284,NA,NA,NA,NA,NA,1.36,1.76,3.76,2.98,4.3,11,"","0.025","0.14","0.29","0.25","1.2e+02","0.19"
"01654000",0.124742890888325,0.21532649925419,2.5091902699001,1.80305916006267,91.096493439854,4.96426077657302,NA,NA,NA,NA,NA,0.17,0.27,2.3,1.48,4.6,NA,"Some 0 flow days in 1999","0.045","0.055","0.21","0.32"," 86"," NA"
"01655500",0.0270965490733233,0.0509362421416708,0.281476836697519,0.130482844372009,37.7317512521347,0.631515173908843,NA,NA,NA,NA,NA,0.05,0.09,0.3,0.14,0.78,NA,"Some 0 flow days in 1967, 1985, & 1986, may have been caused by dam upstream","0.023","0.039","0.019","0.0095"," 37"," NA"
"01656000",0,0,0.884980551058345,0.490500800085395,251.474085786658,2.62568741450722,NA,NA,NA,NA,NA,0,0,0.78,0.29,5.1,NA,"Many days of 0 flow","  0","  0","0.1","0.2","2.5e+02"," NA"
"01656100",0.318460234021035,0.411848336782504,1.28829513394927,1.01144087806219,388.682529395635,7.88253291491281,NA,NA,NA,NA,NA,0.4,0.56,1.44,0.95,NA,NA,"","0.082","0.15","0.15","0.061"," NA"," NA"
"01656500",0.639518926592808,0.791905870543619,2.19635983973737,1.4387748114564,152.575968501952,9.37952912512191,NA,NA,NA,NA,NA,0.69,0.89,2.16,1.39,6.4,9.4,"","0.05","0.098","0.036","0.049","1.5e+02","0.02"
"01656650",1.14252903620955,1.6104839564315,3.21712748925895,2.34336779033443,257.362706443349,12.2269298894936,NA,NA,NA,NA,NA,1.14,1.54,3.34,2.34,6.3,12,"Water supply lake between 01656500 and 01656650","0.0025","0.07","0.12","0.0034","2.5e+02","0.23"
"01656700",0.670631505137725,0.906738863063067,7.32317271258187,5.77985407868216,1220.93731392694,27.3521293452689,NA,NA,NA,NA,NA,0.67,1.05,6.24,4.21,18,27,"Lake Jackson just upstream of gage","0.00063","0.14","1.1","1.6","1.2e+03","0.35"
"01656725",0,0,0.0489453789736231,0.0123950011833815,113.514564357415,0.427317013880399,NA,NA,NA,NA,NA,0,0,0.05,0.01,NA,NA,"Many days of 0 flow in many years","  0","  0","0.0011","0.0024"," NA"," NA"
"01656960",0.130203758558252,0.196220029059812,1.11332258476803,0.918110042256287,202.188534065015,4.50464539821812,NA,NA,NA,NA,NA,0.19,0.28,1.05,0.62,2.1,4.5,"","0.06","0.084","0.063","0.3","2e+02","0.0046"
"01657000",0.240245219699525,0.361826781461342,1.82357210425552,1.08453814351515,640.09926554352,6.75569498157387,NA,NA,NA,NA,NA,0.25,0.41,1.49,0.82,4.3,6.8,"","0.0098","0.048","0.33","0.26","6.4e+02","0.044"
"01657415",6.40129903992407,7.5560324379337,11.7609379063147,10.7890252207153,273.197635546469,41.2610964817388,NA,NA,NA,NA,NA,6.11,7.32,10.3,8.93,21,41,"","0.29","0.24","1.5","1.9","2.5e+02","0.26"
"01657500",5.1014461410575,8.41490264008825,20.8321074183612,10.9792026801111,1877.5709913971,77.0321819834678,NA,NA,NA,NA,NA,4.87,9.18,20,11.8,50,77,"","0.23","0.77","0.83","0.82","1.8e+03","0.032"
"01658500",0,0,0.0594929112810083,0.0231933338144875,24.2355738812749,0.568177541364311,NA,NA,NA,NA,NA,0,0,0.05,0.02,0.57,NA,"Many days of 0 flow","  0","  0","0.0095","0.0032"," 24"," NA"
"01660400",0,0.0262397395372337,0.431263594081901,0.223087428228803,76.3677368737156,1.57767455325862,NA,NA,NA,NA,NA,0,0.03,0.39,0.17,4.2,NA,"Some 0 flow days","  0","0.0038","0.041","0.053"," 72"," NA"
"01660500",0.016582151284274,0.0271151465309992,0.287338122494453,0.150052294455247,8.20423437227786,0.797855213911538,NA,NA,NA,NA,NA,0.02,0.05,0.22,0.09,0.53,0.78,"","0.0034","0.023","0.067","0.06","7.7","0.018"
"01661800",0.033568368665365,0.0486272638286682,0.384918101920684,0.15984053491312,15.3892089121395,1.47528235317063,NA,NA,NA,NA,NA,0.05,0.07,0.4,0.21,1.7,NA,"Some 0 flow days","0.016","0.021","0.015","0.05"," 14"," NA"
"01662000",1.21046426997223,1.51306398660745,8.68076879143467,4.88818809755203,509.312780606698,36.5319850788903,NA,NA,NA,NA,NA,1.69,1.99,8.29,4.7,31,37,"","0.48","0.48","0.39","0.19","4.8e+02","0.47"
"01662800",0.143348892741315,0.253143571385024,1.18973071042578,0.582897935758598,76.9714284038035,4.73654811070585,NA,NA,NA,NA,NA,0.18,0.28,1.14,0.66,4.4,NA,"some 0 flow days in 1966","0.037","0.027","0.05","0.077"," 73"," NA"
"01663000",0.838955041383973,1.88650837890181,10.0766809740409,6.36611960181755,389.556811119894,37.0708235901079,NA,NA,NA,NA,NA,1.57,2.27,8.58,4.65,21,37,"","0.73","0.38","1.5","1.7","3.7e+02","0.071"
"01663500",3.29403693517946,4.99391842475999,20.4799166031747,13.238022590757,822.12987190797,84.0762987991334,NA,NA,NA,NA,NA,3.51,5.19,18.2,11.3,75,87,"","0.22","0.2","2.3","1.9","7.5e+02","2.9"
"01664000",7.87189538283181,9.60342953657884,33.5562280582302,21.7593693662701,1849.69398176438,157.661125851728,NA,NA,NA,NA,NA,8.66,10.4,31.8,19.8,97,154,"","0.79","0.8","1.8","  2","1.8e+03","3.7"
"01664500",5.22084484298548,8.87567776128218,35.7794259091182,17.4190333342057,1720.38279914203,113.761411868814,NA,NA,NA,NA,NA,8.4,10.9,43.2,20.8,77,114,"","3.2","  2","7.4","3.4","1.6e+03","0.24"
"01665000",0.46621543459441,0.638669645607698,1.65037235640309,1.20098339211402,46.3360831694971,5.72814144227428,NA,NA,NA,NA,NA,0.54,0.7,1.63,1.06,3.3,5.7,"Some Regulation since 1959","0.074","0.061","0.02","0.14"," 43","0.028"
"01665500",3.01137983591006,3.88516005181273,10.5991722823371,7.45247244146544,410.90513974672,44.7512055680304,NA,NA,NA,NA,NA,3.1,4.04,10.3,6.98,21,44,"","0.089","0.15","0.3","0.47","3.9e+02","0.75"
"01666500",5.86347049533723,8.54923609082891,22.5634742499902,16.0959680076031,436.941841866557,80.4266641804819,NA,NA,NA,NA,NA,6.59,9.16,21.8,14.9,47,79,"","0.73","0.61","0.76","1.2","3.9e+02","1.4"
"01667500",9.35764831414989,14.898016751858,45.0706932586924,30.6016796747265,1309.13134660777,163.910662526676,NA,NA,NA,NA,NA,11.6,17.6,46.3,29.7,89,161,"","2.2","2.7","1.2","0.9","1.2e+03","2.9"
"01668000",35.1826417018109,40.9757849156111,118.024941139834,80.3331792970343,4604.19443757044,468.146606018853,NA,NA,NA,NA,NA,38.3,45.8,122,78,359,463,"","3.1","4.8","  4","2.3","4.2e+03","5.1"
"01668500",0.0746436085414266,0.135353581614235,1.5744953137783,0.836175901758316,116.32520716666,5.02044852892587,NA,NA,NA,NA,NA,0.08,0.14,1.47,0.77,6.8,NA,"Many days of 0 flow","0.0054","0.0046","0.1","0.066","1.1e+02"," NA"
"01668800",0.55729891264857,0.733059486674648,1.8414744553482,1.32313237273679,29.8029512923149,7.15519716646431,NA,NA,NA,NA,NA,0.55,0.71,1.79,1.23,3.8,7.2,"","0.0073","0.023","0.051","0.093"," 26","0.045"
"01669000",0.242743605670071,0.416250288324188,2.0442482113927,1.11974740664252,56.0256324526902,6.8868137516799,NA,NA,NA,NA,NA,0.34,0.48,2.15,1.04,6.5,NA,"some 0 flow days in 1999","0.097","0.064","0.11","0.08"," 50"," NA"
"01669500",0,0,1.97813142742575,0.458072013307859,180.163699202425,11.9119737762513,NA,NA,NA,NA,NA,0.11,0.28,2.44,0.95,14,NA,"","0.11","0.28","0.46","0.49","1.7e+02"," NA"
"01669520",0.0272461011989297,0.0794356144262678,1.15294705740628,0.37876245451535,179.208313025747,3.91734176314802,NA,NA,NA,NA,NA,0.04,0.09,1.25,0.45,13,NA,"Some 0 flow days in 2002","0.013","0.011","0.097","0.071","1.7e+02"," NA"
"01670000",0,0.0184045446913,0.281138970813657,0.138313004387586,13.3884328820293,1.2859239293293,NA,NA,NA,NA,NA,0,0.02,0.33,0.15,1,NA,"Many days of 0 flow","  0","0.0016","0.049","0.012"," 12"," NA"
"01670300",0.0476105694471281,0.0618642400514059,0.311537436885821,0.167511249563597,12.8385801617791,0.896955192856657,NA,NA,NA,NA,NA,0.04,0.05,0.21,0.12,0.83,0.9,"","0.0076","0.012","0.1","0.048"," 12","0.003"
"01670400",38.4425068949386,40.2703103365112,44.0906306301745,43.0475845717009,566.728727314703,84.1313389774921,NA,NA,NA,NA,NA,38.3,40.1,44.3,42.6,38,84,"Regulation since 1972 by Lake Anna","0.14","0.17","0.21","0.45","5.3e+02","0.13"
"01671000",5.74059505817532,9.53672554493779,27.5423584213168,17.9075270690138,972.892209696848,99.4403446423813,NA,NA,NA,NA,NA,7.72,10.9,29.3,18,75,131,"Regulation since 1972 by Lake Anna","  2","1.4","1.8","0.092","9e+02"," 32"
"01671020",35.3957705042048,38.1317368103604,44.8195386323714,40.8498364683662,758.988224521668,114.886822864651,NA,NA,NA,NA,NA,36.2,38.9,45.7,42.7,52,111,"Regulation since 1972 by Lake Anna, WTP upstream upstream also","0.8","0.77","0.88","1.9","7.1e+02","3.9"
"01671100",0.215592849189197,0.400707573006542,1.92129082361066,1.10475470863614,207.756189631106,9.9726536545718,NA,NA,NA,NA,NA,0.36,0.56,2.02,1.08,12,9.7,"","0.14","0.16","0.099","0.025","2e+02","0.27"
"01672500",6.33576274346198,8.50219275093365,23.1419764203731,15.9443546265257,1070.24149418187,99.7644854306709,NA,NA,NA,NA,NA,8.05,10.4,23.6,15.6,65,98,"Small Diurnal fluctation at low flow, Ashland WTP above station","1.7","1.9","0.46","0.34","1e+03","1.8"
"01673000",28.662817161729,35.1125904445107,70.7088828111997,54.1105587046261,2568.67783437491,287.120718282869,NA,NA,NA,NA,NA,34,40.5,73.9,52.5,134,285,"Regulation since 1972 by Lake Anna","5.3","5.4","3.2","1.6","2.4e+03","2.1"
"01673500",0,0.056710904223321,0.185413922562283,0.0944418554167004,16.8721096438852,0.791569872935032,NA,NA,NA,NA,NA,0,0.06,0.19,0.12,0.75,NA,"Many days of 0 flow","  0","0.0033","0.0046","0.026"," 16"," NA"
"01673550",0.114454441795339,0.220288743743806,1.67376478538011,0.910985804683248,55.1884079217312,5.54332759905527,NA,NA,NA,NA,NA,0.23,0.38,1.68,0.83,5.6,NA,"","0.12","0.16","0.0062","0.081"," 50"," NA"
"01673800",0.0793141165716203,0.0995150673422546,0.690079130940402,0.324398427653621,240.951932063575,2.72904806797442,NA,NA,NA,NA,NA,0.11,0.15,0.64,0.27,6,NA,"Some 0 flow days in 2002","0.031","0.05","0.05","0.054","2.3e+02"," NA"
"01674000",0.0396227789452614,0.108323487543555,2.87326519696286,1.2092461031248,592.566663938915,5.10460673572332,NA,NA,NA,NA,NA,0.15,0.28,2.4,0.83,19,NA,"Many days of 0 flow in 1954 and 1966","0.11","0.17","0.47","0.38","5.7e+02"," NA"
"01674500",5.55590594638663,6.94438604231617,27.3780600311684,16.4852138127927,2184.45731150191,103.040819552858,NA,NA,NA,NA,NA,6.51,7.96,27.3,15.9,85,100,"","0.95","  1","0.078","0.59","2.1e+03","  3"
"01677000",0,0,0.704371717380874,0.485082554513203,11.6362936165169,2.248263341773,NA,NA,NA,NA,NA,0.06,0.13,0.91,0.65,1.3,NA,"some 0 flow days in 1980 & 1981","0.06","0.13","0.21","0.16"," 10"," NA"
"02011400",16.1108431105902,17.0203134207209,21.9010166898539,19.6735652126192,613.724281743265,62.0902097750413,NA,NA,NA,NA,NA,16.2,16.8,20.6,18.4,33,61,"","0.089","0.22","1.3","1.3","5.8e+02","1.1"
"02011460",1.74603648679561,2.05049833382194,3.95380920291352,3.15058628257312,519.832078400212,17.2953680632313,NA,NA,NA,NA,NA,1.7,2,3.53,2.95,9,17,"","0.046","0.05","0.42","0.2","5.1e+02","0.3"
"02011470",5.42358185334953,5.48923919113785,12.7655326050925,9.3788220670491,506.989593447476,26.1855033316509,NA,NA,NA,NA,NA,6.68,7.03,8.69,6.53,7.2,25,"Flow regulated by Back Creek Lake since 1984","1.3","1.5","4.1","2.8","5e+02","1.2"
"02011480",2.16565717666364,3.03135049234192,6.98998690596002,5.05618127637361,717.776356868092,26.1299068960763,NA,NA,NA,NA,NA,1.86,2.51,5.2,4.25,13,26,"","0.31","0.52","1.8","0.81","7e+02","0.13"
"02011490",1.31200626237259,1.59908639813921,2.18760910291865,2.00886077735316,14.7330946399251,3.7655422312536,NA,NA,NA,NA,NA,1.49,1.72,2.13,1.97,1.8,3.8,"Flow regulated by Little Back Creek Lake since 1985","0.18","0.12","0.058","0.039"," 13","0.034"
"02011500",3.45332181969011,4.26816582050231,9.08015586656955,7.07221773175268,811.389844634223,36.681995184802,NA,NA,NA,NA,NA,4.11,4.64,8.65,6.82,18,36,"Flow regulated by Back Creek & Little Back Creek Lake since 1985","0.66","0.37","0.43","0.25","7.9e+02","0.68"
"02011800",68.3612568108123,70.4482293530693,101.274537118237,80.3477353636927,1478.51863303439,224.521909965096,NA,NA,NA,NA,NA,74,76.9,107,87.2,103,220,"Flow regulated by Lake Moomaw since Dec 1979","5.6","6.5","5.7","6.9","1.4e+03","4.5"
"02012500",59.9899861643381,62.8136297206352,74.5650964049088,69.6635859561059,1739.51780671009,197.605533222914,NA,NA,NA,NA,NA,60.3,63.5,75.7,69.3,82,197,"Flow regulated by Lake Moomaw since Dec 1979","0.31","0.69","1.1","0.36","1.7e+03","0.61"
"02013000",10.0409141694038,10.7948433121663,14.5338730898159,13.0858379286734,750.205866907697,44.0274243898595,NA,NA,NA,NA,NA,10.1,10.8,14.3,12.9,26,44,"","0.059","0.0052","0.23","0.19","7.2e+02","0.027"
"02013100",101.8045753471,107.655863659423,159.393357371178,119.145307511426,2311.00846543061,350.655350508285,NA,NA,NA,NA,NA,110,116,157,128,177,344,"Flow regulated by Lake Moomaw since Dec 1979","8.2","8.3","2.4","8.9","2.1e+03","6.7"
"02014000",16.7915823346802,17.6267947270367,22.4934783308645,20.8530892221941,639.9454332259,61.9811182912436,NA,NA,NA,NA,NA,16.8,17.6,22.3,20.2,33,61,"","0.0084","0.027","0.19","0.65","6.1e+02","0.98"
"02015700",24.7505838388928,25.6424486492686,30.2946856109668,28.2204719344763,454.95353353707,69.8777581396068,NA,NA,NA,NA,NA,24.5,25.6,29.3,27.8,34,69,"","0.25","0.042","0.99","0.42","4.2e+02","0.88"
"02016000",52.2200876271079,55.3161217422359,70.3224315408653,63.2870715679492,2156.36043546993,192.652392671066,NA,NA,NA,NA,NA,52.9,55.8,69.1,63.5,92,191,"","0.68","0.48","1.2","0.21","2.1e+03","1.7"
"02016500",180.071355940661,188.640225889992,237.070161614573,214.641049430681,5827.87112528585,636.875473812098,NA,NA,NA,NA,NA,182,191,239,212,393,745,"Flow regulated by Lake Moomaw since Dec 1979","1.9","2.4","1.9","2.6","5.4e+03","1.1e+02"
"02017000",1.60636153855208,1.9796641558841,2.72096290942955,2.39198494266156,50.7314286945723,7.54153036732802,NA,NA,NA,NA,NA,1.62,1.92,2.69,2.34,3.3,7.5,"","0.014","0.06","0.031","0.052"," 47","0.042"
"02017500",7.13546348819422,7.61684132367502,10.2364343777513,9.23920450203157,517.09766683138,33.4329452859492,NA,NA,NA,NA,NA,7.24,7.71,10.2,9.02,17,33,"","0.1","0.093","0.036","0.22","5e+02","0.43"
"02018000",29.3675148152955,30.5894264866075,39.1318235582899,35.4950724231793,1402.72732851999,117.364810908954,NA,NA,NA,NA,NA,29.5,30.8,39.2,34.8,69,116,"","0.13","0.21","0.068","0.7","1.3e+03","1.4"
"02018500",1.25362666486848,1.65830338530866,3.11386528146427,2.46563035973921,89.8818536106991,9.21276682978811,NA,NA,NA,NA,NA,1.22,1.63,3.07,2.38,2.9,7.9,"Transmountain Diversion 5.3 mi above gage since December 1974","0.034","0.028","0.044","0.086"," 87","1.3"
"02019500",263.160684058155,273.056259911541,356.916316715626,320.489882838555,8851.41823190247,968.35940500734,NA,NA,NA,NA,NA,274,285,357,316,555,1060,"Flow regulated by Lake Moomaw since Dec 1979"," 11"," 12","0.084","4.5","8.3e+03"," 92"
"02020500",1.0399481963427,1.68497257907773,4.17700115762676,3.13250849767648,752.812352008634,20.6185823349473,NA,NA,NA,NA,NA,1.09,1.78,3.97,2.95,10,NA,"some 0 flow days in 1957 & 1959","0.05","0.095","0.21","0.18","7.4e+02"," NA"
"02021000",8.09549104166668,7.4658566988832,12.3249138874795,10.3762142021255,827.613738207798,44.8113884478087,NA,NA,NA,NA,NA,7.93,8.31,11.7,9.9,17,45,"","0.17","0.84","0.62","0.48","8.1e+02","0.19"
"02021500",11.9125722483251,13.2596077658123,21.044319854506,17.6487246166517,1615.72466540168,79.3866328912531,NA,NA,NA,NA,NA,12.5,13.6,20.7,17.1,36,78,"","0.59","0.34","0.34","0.55","1.6e+03","1.4"
"02022500",4.36798387567814,4.75160643115158,6.13753284192098,5.42002408736493,114.740839626637,14.6132786072278,NA,NA,NA,NA,NA,4.44,4.82,6.04,5.3,7.3,14,"","0.072","0.068","0.098","0.12","1.1e+02","0.61"
"02023000",40.8696707881796,43.6260503589802,56.9019492039311,49.8884015892768,1959.47683168379,169.928788423157,NA,NA,NA,NA,NA,41,43.4,56.9,48.7,61,170,"","0.13","0.23","0.0019","1.2","1.9e+03","0.071"
"02023500",13.0373188783652,13.7118956395575,18.6597096973942,17.0995561623179,393.016285371089,50.5906750363445,NA,NA,NA,NA,NA,12.9,13.6,18,16.1,20,51,"","0.14","0.11","0.66","  1","3.7e+02","0.41"
"02024000",51.20056696603,59.2749138770363,82.5739426073033,71.1386481633384,2340.17713943914,241.713080501697,NA,NA,NA,NA,NA,53,59.8,80.6,68.7,107,239,"","1.8","0.53","  2","2.4","2.2e+03","2.7"
"02024500",105.866856841487,113.471899037046,137.21593454946,123.950516349698,2930.98497195392,382.824369354065,NA,NA,NA,NA,NA,99.8,104,134,114,249,383,"","6.1","9.5","3.2"," 10","2.7e+03","0.18"
"02025000",2.79959883239851,3.37773792327171,8.03544131796071,6.23210896339223,321.764520785891,30.8999064466918,NA,NA,NA,NA,NA,3.28,3.67,7.88,5.83,13,31,"","0.48","0.29","0.16","0.4","3.1e+02","0.1"
"02025500",323.616732077454,411.147713813304,561.705385113863,500.408600773574,12046.8540505466,1521.04374062037,NA,NA,NA,NA,NA,336,424,554,487,892,1560,"Flow regulated by Lake Moomaw since Dec 1979"," 12"," 13","7.7"," 13","1.1e+04"," 39"
"02026000",365.682179994248,467.796496268394,686.184780076416,591.992223679864,12156.5833494368,1843.58330528022,NA,NA,NA,NA,NA,376,479,676,577,1120,1886,"Flow regulated by Lake Moomaw since Dec 1979"," 10"," 11"," 10"," 15","1.1e+04"," 42"
"02026500",2.54846583457062,3.0364613462112,9.17636696450708,4.51543973679466,429.687030029812,34.5474425957554,NA,NA,NA,NA,NA,3.05,3.63,7.8,4.68,27,35,"","0.5","0.59","1.4","0.16","4e+02","0.45"
"02027000",3.8418365744785,4.37170148302319,11.5540292506988,8.08044434664098,432.862172069958,46.5035732279114,NA,NA,NA,NA,NA,4.07,4.64,11.4,7.52,28,46,"","0.23","0.27","0.15","0.56","4e+02","0.5"
"02027500",2.08513748603866,2.62592617955439,6.04250973581149,4.38457947150844,249.990380031774,26.6863845346602,NA,NA,NA,NA,NA,2.16,2.76,5.82,4.2,22,26,"","0.075","0.13","0.22","0.18","2.3e+02","0.69"
"02027800",8.39189133529103,9.32575574113611,20.203267172388,14.638131456221,356.312921165493,71.0891621035102,NA,NA,NA,NA,NA,8.5,9.27,19.8,14,34,71,"","0.11","0.056","0.4","0.64","3.2e+02","0.089"
"02028000",29.9451614028956,33.9662440968254,64.1413667742724,53.3914489325018,1131.26798276286,220.761002822178,NA,NA,NA,NA,NA,31.9,36.6,61.9,48.3,98,221,"","  2","2.6","2.2","5.1","1e+03","0.24"
"02028500",1.98544946326491,2.4625744024515,8.49169951728054,5.61198672778123,356.408876642862,25.9409752337784,NA,NA,NA,NA,NA,2.18,2.71,8.58,5.11,24,25,"","0.19","0.25","0.088","0.5","3.3e+02","0.94"
"02029000",450.117343751947,520.353829775056,787.067458936089,669.160816254479,15286.3709990923,2283.13433583459,NA,NA,NA,NA,NA,468,542,774,653,1390,2350,"Flow regulated by Lake Moomaw since Dec 1979"," 18"," 22"," 13"," 16","1.4e+04"," 67"
"02029500",2.07926050841321,5.14109516497185,15.8975900366781,12.7574552625595,196.27515497568,43.4600151919508,NA,NA,NA,NA,NA,2.95,4.03,16.3,12.5,27,43,"","0.87","1.1","0.4","0.26","1.7e+02","0.46"
"02030000",6.91972979326099,7.87285640202072,28.3577526139302,15.1723469327193,265.955047784342,13.5399370517438,NA,NA,NA,NA,NA,4.11,4.14,13.8,7.32,28,NA,"some 0 flow days in 2002","2.8","3.7"," 15","7.9","2.4e+02"," NA"
"02030500",6.25452338648746,8.33293792122467,22.8336096764947,15.5649842855815,526.563408961755,79.885219896427,NA,NA,NA,NA,NA,8.14,10,23.2,15.7,52,80,"","1.9","1.7","0.37","0.14","4.7e+02","0.11"
"02032250",1.20299058417419,1.44612475767898,3.60191631437381,2.6323400404718,235.98978852685,16.7076182099643,NA,NA,NA,NA,NA,0.61,0.79,2.7,1.75,NA,17,"","0.59","0.66","0.9","0.88"," NA","0.29"
"02032400",0.626408757583077,0.802037940545557,2.26441974404526,1.71307208558004,130.404221189362,10.5248552827991,NA,NA,NA,NA,NA,0.62,0.8,2.29,1.54,NA,11,"","0.0064","0.002","0.026","0.17"," NA","0.48"
"02032500",2.06103260360319,2.99693612302194,7.55188255975668,6.47312607013523,671.311967461262,37.8700572728483,NA,NA,NA,NA,NA,1.97,2.98,9.69,6.42,33,38,"","0.091","0.017","2.1","0.053","6.4e+02","0.13"
"02032515",5.5923101215744,10.9319075025303,22.7003572476988,17.5740961289485,916.815825564472,85.683748655428,NA,NA,NA,NA,NA,4.79,8.94,23,16.9,39,86,"Flow regulated by Rivanna Water and Sewer Authority dam upstream","0.8","  2","0.3","0.67","8.8e+02","0.32"
"02032640",0.781731055631614,1.07945760560566,5.98106928757421,3.43645254038448,364.509349119061,21.6505876856815,NA,NA,NA,NA,NA,0.85,1.11,5.44,2.84,20,19,"","0.068","0.031","0.54","0.6","3.4e+02","2.7"
"02032680",5.42129015364597,7.13068385901381,17.1753564822783,11.9793715222568,687.56755971827,65.0428955496496,NA,NA,NA,NA,NA,6.59,8.3,16.6,11.3,28,65,"","1.2","1.2","0.58","0.68","6.6e+02","0.043"
"02034000",21.5642964312092,25.351694545119,62.3291086174408,45.477189700768,1939.15843372724,228.759497473932,NA,NA,NA,NA,NA,24.4,28.4,62.1,41.7,133,226,"Some water usage and discharge from RWSA","2.8","  3","0.23","3.8","1.8e+03","2.8"
"02034500",4.49123684373235,6.01260142833248,19.1601751771116,11.8178253868278,689.86000230134,69.2819249846715,NA,NA,NA,NA,NA,5.93,7.41,18.4,12,45,69,"Slight regulation by Trice Lake, 0.4 mile above station","1.4","1.4","0.76","0.18","6.4e+02","0.28"
"02035000",551.301520785085,633.144602973059,1020.96103878426,839.413741352395,20701.7487643213,3084.75235137459,NA,NA,NA,NA,NA,581,665,1004,826,1810,3020,"Flow regulated by Lake Moomaw since Dec 1979"," 30"," 32"," 17"," 13","1.9e+04"," 65"
"02036500",0.198644914922504,0.256118529834452,0.948080785137517,0.524622931287453,50.5112452142539,3.75357881926816,NA,NA,NA,NA,NA,0.25,0.31,0.98,0.53,3.1,3.7,"","0.051","0.054","0.032","0.0054"," 47","0.054"
"02038000",0.33940388054721,0.406358081253373,1.275355774955,0.746049011092284,84.2217248274593,3.8647461515711,NA,NA,NA,NA,NA,0.46,0.54,1.47,0.74,6.3,3.9,"","0.12","0.13","0.19","0.006"," 78","0.035"
"02038500",0.161845396189374,0.242544842915394,3.05021233875962,1.6690556601659,104.940678913792,5.05446898884251,NA,NA,NA,NA,NA,0.14,0.27,1.41,0.72,8.9,5.1,"","0.022","0.027","1.6","0.95"," 96","0.046"
"02038850",0.281079794486046,0.314094811270927,0.888529419605703,0.556255328240741,17.3737988072766,2.67830681391033,NA,NA,NA,NA,NA,0.34,0.39,0.98,0.55,2.1,2.6,"","0.059","0.076","0.091","0.0063"," 15","0.078"
"02039000",6.26749666758707,7.25223564207139,15.553735414688,10.0843498194279,167.354470683847,29.4358585677002,NA,NA,NA,NA,NA,4.35,4.97,11.1,7.25,21,29,"","1.9","2.3","4.5","2.8","1.5e+02","0.44"
"02039500",21.5622253669404,28.6593835761764,40.6608702727471,29.1088854881928,736.053464418811,79.1805592696184,NA,NA,NA,NA,NA,15.5,18.9,40.9,28.2,73,78,"","6.1","9.8","0.24","0.91","6.6e+02","1.2"
"02040000",22.9282561237424,28.5633059386784,70.0194581126689,49.348036259607,1932.63614550304,236.295767495287,NA,NA,NA,NA,NA,27.9,32.5,69.8,48,152,234,"","  5","3.9","0.22","1.3","1.8e+03","2.3"
"02041000",0.502363545551981,0.788688293209329,5.5591648088616,2.90382291539622,431.618102317444,17.2809462588469,NA,NA,NA,NA,NA,0.78,1.04,5.3,2.81,29,NA,"","0.28","0.25","0.26","0.094","4e+02"," NA"
"02041500",35.3485580013037,48.2995432392237,119.927879669994,73.4013208790806,3655.34066595129,405.002202780831,NA,NA,NA,NA,NA,52,57.7,131,90.7,360,405,""," 17","9.4"," 11"," 17","3.3e+03","0.0022"
"02041650",38.1120280826682,45.9744926992376,84.0960832581029,62.3823228968418,3622.15424989891,345.119448904649,NA,NA,NA,NA,NA,41.1,48.1,81.6,59.3,200,338,"Flow regulated by Lake Chesdin, 2.8 miles above gage","  3","2.1","2.5","3.1","3.4e+03","7.1"
"02042500",0.835976715409852,1.10070413687655,7.15933616641983,3.67030235364846,601.63240646149,17.3022746453481,NA,NA,NA,NA,NA,1.03,1.37,7.43,3.31,41,17,"","0.19","0.27","0.27","0.36","5.6e+02","0.3"
"02044000",0.018272215446818,0.0467821982578841,0.71951809198671,0.313475821748971,160.119413467752,3.56996756918206,NA,NA,NA,NA,NA,0.07,0.12,0.7,0.32,5.6,NA,"some 0 flow days in 1954 & 1963","0.052","0.073","0.02","0.0065","1.5e+02"," NA"
"02044500",2.39432591925968,3.3903943628989,17.4968681143094,10.0963126818321,796.298070072525,71.2122097185054,NA,NA,NA,NA,NA,3.49,4.68,18.5,10.6,74,70,"","1.1","1.3","  1","0.5","7.2e+02","1.2"
"02045500",7.02528509368729,9.30567956475637,28.405077182858,17.8693739033041,1572.27895653572,130.329142773414,NA,NA,NA,NA,NA,8.86,11.5,30.6,19.6,127,130,"","1.8","2.2","2.2","1.7","1.4e+03","0.33"
"02046000",0.160246527179092,0.204508083911416,1.35674732295892,0.62122128673787,317.368958757085,6.68557118676172,NA,NA,NA,NA,NA,0.25,0.31,1.62,0.77,18,NA,"some 0 flow days in 2002","0.09","0.11","0.26","0.15","3e+02"," NA"
"02047000",20.1814343463928,23.0897335448458,44.043981684203,35.7011767971994,7123.24626512356,259.624461012745,NA,NA,NA,NA,NA,22.9,25.4,53,36.4,273,258,"","2.7","2.3","  9","0.7","6.9e+03","1.6"
"02048000",0,0.0182415969709606,0.725480963211106,0.159982468449243,1255.23721417995,2.37889179053602,NA,NA,NA,NA,NA,0.01,0.06,1.24,0.26,18,NA,"Zero flow at times","0.01","0.042","0.51","0.1","1.2e+03"," NA"
"02049500",0.212941078391149,0.758477143801933,3.20890876259166,2.01308481354451,4371.80450225625,16.4074784095281,NA,NA,NA,NA,NA,0.25,0.77,4.07,2.09,71,NA,"Some tidal effect in extreme low flows","0.037","0.012","0.86","0.077","4.3e+03"," NA"
"02050500",0.209361847727331,0.216380931270781,0.560164228123435,0.389148712867041,42.4760971604544,2.2690276441825,NA,NA,NA,NA,NA,0.2,0.21,0.52,0.37,2.1,2.3,"","0.0094","0.0064","0.04","0.019"," 40","0.031"
"02051000",0.166177528328566,0.20698139878863,1.58248028154565,0.886457305028473,171.395438377459,5.59090417601956,NA,NA,NA,NA,NA,0.36,0.34,1.59,0.81,7,NA,"some 0 flow days in 1954","0.19","0.13","0.0075","0.076","1.6e+02"," NA"
"02051500",10.0147419269084,11.1112129033904,34.2414411557655,22.6393481367328,1532.14209590155,132.664877730442,NA,NA,NA,NA,NA,12.3,14.8,35.3,22.7,116,131,"","2.3","3.7","1.1","0.061","1.4e+03","1.7"
"02051600",0.295995273836715,0.429857611213225,1.88003823749517,0.926441564675275,87.1469159159991,7.09629875335434,NA,NA,NA,NA,NA,0.37,0.51,1.67,0.99,7.6,7.1,"","0.074","0.08","0.21","0.064"," 80","0.0037"
"02052000",9.36767032911135,16.3889856931238,42.2095856606473,29.6967409826554,2034.77118651463,153.599589995258,NA,NA,NA,NA,NA,11,20.1,44.8,30.8,155,144,"Regulation by Power Plant, 0.8 mile upstream prior to 1965 & after April 1986","1.6","3.7","2.6","1.1","1.9e+03","9.6"
"02052500",0,0,0.092208795557836,0.000386461612630581,201.912006500196,1.45699845954375,NA,NA,NA,NA,NA,0,0,0.1,0,5.9,NA,"Many days of 0 flow","  0","  0","0.0078","0.00039","2e+02"," NA"
"02053800",11.8194772539864,13.0826289726971,21.3763337831628,18.0476679733904,316.642204982887,54.1855696713384,NA,NA,NA,NA,NA,11.9,13.1,20,16.9,26,53,"","0.081","0.017","1.4","1.1","2.9e+02","1.2"
"02054500",23.7660604739028,25.6588355656451,39.779254803082,35.0700382673844,758.005380223721,103.221464088925,NA,NA,NA,NA,NA,23.2,25.2,38.7,33.9,46,102,"","0.57","0.46","1.1","1.2","7.1e+02","1.2"
"02054530",31.0378857069796,26.679056971975,48.8406745718121,38.6674788979428,962.519975759684,109.393106408363,NA,NA,NA,NA,NA,24.4,27.3,41.5,34.5,48,104,"Roanoke Co., Site","6.6","0.62","7.3","4.2","9.1e+02","5.4"
"02055000",32.8650897978021,36.9909425203742,58.0704293720759,50.0412460711651,1097.34686117,157.205739177729,NA,NA,NA,NA,NA,33.8,38.2,57.1,48.5,79,147,"Regulation by Power Plants upstream prior to 1949","0.93","1.2","0.97","1.5","1e+03"," 10"
"02055100",0.936642034004391,1.03534574187739,1.84375761993776,1.35618177936578,24.8700563766136,5.07033734655874,NA,NA,NA,NA,NA,0.97,1.04,1.68,1.26,2.6,5,"","0.033","0.0047","0.16","0.096"," 22","0.07"
"02056000",39.1423916112068,84.6970801397453,117.426355765438,103.870701862296,1443.85810098265,261.088872205187,NA,NA,NA,NA,NA,41,85.5,113,99.8,137,259,"","1.9","0.8","4.4","4.1","1.3e+03","2.1"
"02056650",1.62209173556141,2.18128861091503,6.43634002731722,4.74539693481394,132.040523008244,19.3240846207663,NA,NA,NA,NA,NA,1.8,2.27,6.07,4.71,11,19,"","0.18","0.089","0.37","0.035","1.2e+02","0.32"
"02056900",9.7247910587769,9.68086052619512,23.0984948949019,17.0697757706091,238.379673369616,62.5936868479975,NA,NA,NA,NA,NA,8.84,10.3,22.1,17,38,61,"","0.88","0.62","  1","0.07","2e+02","1.6"
"02057000",22.128324985262,26.964618786536,49.464603153336,38.556711977311,492.871923333617,127.357227258119,NA,NA,NA,NA,NA,25.6,30.5,50.7,38.9,80,127,"Now in Smith Mt. Lake","3.5","3.5","1.2","0.34","4.1e+02","0.36"
"02057500",104.672064069319,135.365032964693,212.507521321087,175.874542990975,2786.44790775518,526.183243915624,NA,NA,NA,NA,NA,115,142,205,171,301,526,"Now in Leesville Lake"," 10","6.6","7.5","4.9","2.5e+03","0.18"
"02058400",41.2425300475523,45.5253102730013,86.3769597407141,66.702986882779,766.169993735877,212.97273021735,NA,NA,NA,NA,NA,44.8,49.9,86.4,66.7,134,209,"","3.6","4.4","0.023","0.003","6.3e+02","  4"
"02058500",54.9462934365821,63.101065113989,110.206174136746,88.6226728824876,1078.21517714185,245.237495717894,NA,NA,NA,NA,NA,57.5,66.2,105,84.3,166,245,"","2.6","3.1","5.2","4.3","9.1e+02","0.24"
"02059500",16.9360329393222,19.3377235439614,34.2613312701993,27.433702523757,409.851368875047,87.8600697334618,NA,NA,NA,NA,NA,17.8,20.4,34.1,26.9,52,87,"","0.86","1.1","0.16","0.53","3.6e+02","0.86"
"02060500",85.7333256987321,267.226747747472,441.732021510785,353.947776046199,3939.13039987703,812.489530055453,NA,NA,NA,NA,NA,102,273,440,345,538,744,"Regulated since Oct 1965 by Smith Mt Lake"," 16","5.8","1.7","8.9","3.4e+03"," 68"
"02061000",6.38182012805142,7.33939166748328,13.2166495745002,12.1883444513122,315.938157262844,55.3596698592071,NA,NA,NA,NA,NA,6.18,7.29,15.2,11.9,28,55,"Low Flow Also 1981-85","0.2","0.049","  2","0.29","2.9e+02","0.36"
"02061500",26.0964051976181,18.5977762121092,46.5314586459861,32.3833109757282,771.232161599425,133.054841428255,NA,NA,NA,NA,NA,17.8,20.5,46.6,30.6,98,132,"","8.3","1.9","0.069","1.8","6.7e+02","1.1"
"02062500",194.57916079565,358.938878112542,572.226091110646,464.663695591625,5225.25016040884,1248.59101010722,NA,NA,NA,NA,NA,224,368,571,460,762,1210,"Regulated since Oct 1965 by Smith Mt Lake"," 29","9.1","1.2","4.7","4.5e+03"," 39"
"02064000",8.94581953408337,11.4830464789944,25.1642535842305,18.8195205315008,389.053023780845,69.2692162673238,NA,NA,NA,NA,NA,10.5,12.9,24.9,18.2,41,69,"","1.6","1.4","0.26","0.62","3.5e+02","0.27"
"02065200",189.984914440195,397.39390639403,543.991340862345,390.647974922508,2793.35681641946,1067.2596561054,NA,NA,NA,NA,NA,169,335,602,464,741,1269,"Regulated since Oct 1965 by Smith Mt Lake"," 21"," 62"," 58"," 73","2.1e+03","2e+02"
"02065500",5.96762979619396,8.83516886190383,16.3893808201592,11.6958681725586,231.07552226136,22.1082248712292,NA,NA,NA,NA,NA,7.74,6.89,16.5,11,30,NA,"Zero flows in 2002","1.8","1.9","0.11","0.7","2e+02"," NA"
"02066000",270.748765370184,453.636277718731,737.829502251851,612.019854892694,6112.3666494474,1610.09128543029,NA,NA,NA,NA,NA,285,467,719,581,965,1590,"Regulated since Oct 1965 by Smith Mt Lake"," 14"," 13"," 19"," 31","5.1e+03"," 20"
"02066500",0.731221510662529,0.636288229128533,6.8083321599661,3.80559584838915,403.761727932441,23.9888186296385,NA,NA,NA,NA,NA,0.9,1.21,6.45,3.56,27,24,"","0.17","0.57","0.36","0.25","3.8e+02","0.011"
"02067000",341.675345424476,355.387762661117,703.408585292213,542.373745780553,8854.9597621187,1831.5887390946,NA,NA,NA,NA,NA,394,434,700,551,1178,1832,"Unregulated statistics"," 52"," 79","3.4","8.6","7.7e+03","0.41"
"02069700",20.8140095455951,22.6919664478909,38.1616620336624,31.2675085661194,222.050879286605,82.9345141966286,NA,NA,NA,NA,NA,22.3,24.5,37.5,30.9,39,82,"","1.5","1.8","0.66","0.37","1.8e+02","0.93"
"02070000",19.0534545931585,21.4972535861109,38.1616919957724,30.0729527908008,283.016711273456,82.8162378243236,NA,NA,NA,NA,NA,21.2,23.2,37.3,29.8,51,82,"","2.1","1.7","0.86","0.27","2.3e+02","0.82"
"02072000",29.0693334704217,64.4959440087603,91.9951115896118,74.7547279298229,329.676868094149,119.771921798024,NA,NA,NA,NA,NA,30.6,62.7,87,73,79,114,"Regulated Period, 1951 to current year, CD missing 2000 WY??","1.5","1.8","  5","1.8","2.5e+02","5.8"
"02072500",49.1109301367435,89.4127638777262,120.804353933832,103.275569059414,453.727937071796,181.927192405816,NA,NA,NA,NA,NA,49.7,89.7,119,104,107,170,"Regulated Period, 1951 to current year","0.59","0.29","1.8","0.72","3.5e+02"," 12"
"02073000",32.7279407117157,115.978758887004,167.97079762122,141.31333989613,784.491755674727,291.817558754831,NA,NA,NA,NA,NA,32.2,118,167,140,162,289,"Regulated Period, 1951 to current year","0.53","  2","0.97","1.3","6.2e+02","2.8"
"02074500",11.6998839747088,13.6883496674102,25.0829147252785,19.5431653397735,325.852890904903,61.2356297797253,NA,NA,NA,NA,NA,13,15.2,24.8,19.8,39,61,"","1.3","1.5","0.28","0.26","2.9e+02","0.24"
"02075000",275.767414631903,444.222529830727,670.809485299153,590.424528484298,5739.25047660946,1415.02962413718,NA,NA,NA,NA,NA,287,457,655,579,857,1375,"Flow regulated since Aug 1950 by Philpott Lake"," 11"," 13"," 16"," 11","4.9e+03"," 40"
"02075500",283.617481177621,394.71445151854,690.825147829013,579.231062536184,6125.03876209603,1590.84649306378,NA,NA,NA,NA,NA,303,419,673,549,953,1570,"Flow regulated since Aug 1950 by Philpott Lake"," 19"," 24"," 18"," 30","5.2e+03"," 21"
"02076500",1.5582188328567,1.91258266438621,3.01798338462283,2.51280450857817,20.5490995005172,6.62818218279198,NA,NA,NA,NA,NA,1.53,1.95,3,2.52,3.9,6.6,"","0.028","0.037","0.018","0.0072"," 17","0.028"
"02077000",19.9317592843838,35.9150985726554,76.1171623329545,54.6642313614697,1395.94970955916,210.717239194856,NA,NA,NA,NA,NA,20.3,38.7,73.6,52.9,166,209,"","0.37","2.8","2.5","1.8","1.2e+03","1.7"
"02077500",1.72359523357697,2.21720861052318,32.0276914279519,15.0041129494945,758.697309493246,22.1358912032671,NA,NA,NA,NA,NA,1.91,2.42,9.14,4.3,25,43,"Flow regulated since 1964 by Hyco Lake","0.19","0.2"," 23"," 11","7.3e+02"," 21"
"02078000",2.63254447271368,2.24497946620113,15.2951312480932,7.46304454425168,1682.56554995574,56.7905918522273,NA,NA,NA,NA,NA,2.51,3.26,12.7,7.44,67,57,"Unregulated flow","0.12","  1","2.6","0.023","1.6e+03","0.21"
"02079000",1311.46764194924,1435.13007838368,2102.62474095576,1818.89666688909,23381.0727931552,4845.57786194293,NA,NA,NA,NA,NA,1265,1404,1960,1661,3240,4846,"Unregulated flow"," 46"," 31","1.4e+02","1.6e+02","2e+04","0.42"
"02079640",0,0,0.344652878436548,0.131489996215615,151.881488486682,2.37545034224983,NA,NA,NA,NA,NA,0,0,0.48,0.13,6,NA,"Zero flows in 1968, 1970 & 2002","  0","  0","0.14","0.0015","1.5e+02"," NA"
"03164000",346.354519468117,383.960053981217,546.329687134363,474.01476704602,4347.15870065797,1223.19816533587,NA,NA,NA,NA,NA,356,396,542,469,608,1220,"","9.6"," 12","4.3","  5","3.7e+03","3.2"
"03165000",14.6093866001685,16.0199434361856,23.6498115685762,19.6980531940767,147.029498437056,46.8537121153031,NA,NA,NA,NA,NA,15.3,17,23.5,20.4,26,46,"","0.69","0.98","0.15","0.7","1.2e+02","0.85"
"03165500",261.613977448355,407.180323060246,625.410514081,534.840787054006,4297.24981837786,1370.86263856284,NA,NA,NA,NA,NA,271,415,608,525,698,1360,"","9.4","7.8"," 17","9.8","3.6e+03"," 11"
"03166800",0.0208210987176474,0.0280194872831922,0.0548065759931905,0.0403423390594072,2.16309657466032,0.167132187984545,NA,NA,NA,NA,NA,0.02,0.03,0.06,0.04,NA,0.17,"","0.00082","0.002","0.0052","0.00034"," NA","0.0029"
"03167000",43.0868857397829,51.3876323596067,64.6002875157688,59.2228619616369,825.263355661513,140.089818680631,NA,NA,NA,NA,NA,43.2,52.5,65.5,59.9,69,139,"","0.11","1.1","0.9","0.68","7.6e+02","1.1"
"03167500",88.9878151211028,98.9480998595885,142.104775040571,127.912077775234,900.911109453378,281.469662361556,NA,NA,NA,NA,NA,88.5,101,143,129,141,281,"","0.49","2.1","0.9","1.1","7.6e+02","0.47"
"03168000",569.426381688465,689.220585022898,945.859462583542,835.254058415935,7473.06924769963,2038.7127512537,NA,NA,NA,NA,NA,580,698,932,818,1000,2030,""," 11","8.8"," 14"," 17","6.5e+03","8.7"
"03168500",0.694282075152271,0.79845900147622,1.48758186626911,1.24010497755913,249.643961384794,6.71532828316351,NA,NA,NA,NA,NA,0.69,0.79,1.41,1.25,5.1,6.7,"","0.0043","0.0085","0.078","0.0099","2.4e+02","0.015"
"03170000",59.1114853376783,65.7330847527526,104.441332290811,89.4502715360301,795.663934900072,228.534618654425,NA,NA,NA,NA,NA,60.1,66.8,101,86.2,110,227,"","0.99","1.1","3.4","3.3","6.9e+02","1.5"
"03171000",700.739203755454,892.060318860139,1175.84620684976,1063.24435922049,9179.28382432448,2384.41501799154,NA,NA,NA,NA,NA,704,886,1157,1035,1210,2350,"Flow Regulated since 1939 by Claytor Reservoir","3.3","6.1"," 19"," 28","8e+03"," 34"
"03171500",693.682457046384,881.24674987287,1184.58967770443,1041.23581452594,10339.7203086803,2528.11031301676,NA,NA,NA,NA,NA,701,883,1184,1041,1285,2575,"Flow Regulated since 1939 by Claytor Reservoir","7.3","1.8","0.59","0.24","9.1e+03"," 47"
"03173000",28.9150561851614,32.1664517179199,40.9872354311348,37.9631147762107,1192.44298903612,113.437092881375,NA,NA,NA,NA,NA,28.8,32.5,40.5,37.1,57,112,"","0.12","0.33","0.49","0.86","1.1e+03","1.4"
"03175500",18.9480807335982,21.6365547317039,30.0512414530648,26.8089139318987,955.811145410957,96.9597111242149,NA,NA,NA,NA,NA,19.3,22,30.5,26.7,36,95,"1996 Water Year is not a complete year","0.35","0.36","0.45","0.11","9.2e+02","  2"
"03176500",866.773247590292,1005.67828946025,1359.67418299157,1214.76258587284,12927.6924737629,3018.74326525733,NA,NA,NA,NA,NA,878,1012,1345,1191,1600,3000,"Flow Regulated since 1939 by Claytor Reservoir"," 11","6.3"," 15"," 24","1.1e+04"," 19"
"03177700",5.47428009168185,6.5167129836922,8.30514363043309,7.79089186562996,159.554684501476,24.5499692642524,NA,NA,NA,NA,NA,5.63,6.61,8.79,7.82,7.9,25,"","0.16","0.093","0.48","0.029","1.5e+02","0.45"
"03177710",5.67029909939582,6.36157586983772,10.9956300875165,9.88289333443174,156.317633692027,29.0110423192653,NA,NA,NA,NA,NA,7.07,8.68,12,11,13,29,"","1.4","2.3","  1","1.1","1.4e+02","0.011"
"03207500",0.901086572682049,1.10418695749669,5.42374596889188,3.07777032335372,1233.17248907664,22.5507967836957,NA,NA,NA,NA,NA,0.98,1.39,5.2,2.85,9.5,23,"","0.079","0.29","0.22","0.23","1.2e+03","0.45"
"03207800",11.3453705484135,13.1983136726754,27.6316577460132,21.1802271780803,1147.41622448684,92.208509560542,NA,NA,NA,NA,NA,11.3,13.6,24.9,18.6,56,90,"","0.045","0.4","2.7","2.6","1.1e+03","2.2"
"03208500",1.18524505882644,1.56720068792496,7.34259884365273,4.02417100458465,2326.42940690091,30.92151654864,NA,NA,NA,NA,NA,1.44,1.9,7.19,4.04,23,30,"","0.25","0.33","0.15","0.016","2.3e+03","0.92"
"03208700",0.212274051499666,0.516125202588203,1.3347404119644,0.814498417880049,120.502217533569,3.29107790175438,NA,NA,NA,NA,NA,0.12,0.24,1.18,0.65,2,6.8,"Regulated by N. F. Pound Lake since Aug. 1966","0.092","0.28","0.15","0.16","1.2e+02","3.5"
"03208800",1.70165479249647,1.68103480023062,4.23919889674398,2.91289105839121,241.345792075682,12.4831140087041,NA,NA,NA,NA,NA,1.41,1.89,4.23,3.27,3.1,13,"","0.29","0.21","0.0092","0.36","2.4e+02","0.52"
"03208850",2.93268940290357,3.79334701136315,7.34883027629087,5.74299146882589,397.073006121137,23.2080820085577,NA,NA,NA,NA,NA,3.02,3.81,7.08,5.64,5.3,23,"","0.087","0.017","0.27","0.1","3.9e+02","0.21"
"03208900",2.96936488815062,3.65882806571234,7.75106630708172,5.40722154424742,518.277481951626,27.2536913498317,NA,NA,NA,NA,NA,2.99,3.59,7.71,5.68,7.2,27,"","0.021","0.069","0.041","0.27","5.1e+02","0.25"
"03208950",1.84354769494244,2.72857798960997,6.3175985905581,4.74642091933283,271.689721913756,19.583419579338,NA,NA,NA,NA,NA,1.91,2.75,6.12,4.87,9.2,19,"","0.066","0.021","0.2","0.12","2.6e+02","0.58"
"03209000",0.557075312991656,0.827392599437879,8.45676706110824,3.19971795290172,1020.16794614322,24.7677513010673,NA,NA,NA,NA,NA,1.14,1.47,7.54,3.46,16,97,"Regulated by John W. Flannagan Dam since Aug. 1966","0.58","0.64","0.92","0.26","1e+03"," 72"
"03209200",14.9348300829622,22.4648051434342,46.9757430568582,32.265379446187,2449.58180177913,151.573777170865,NA,NA,NA,NA,NA,12.8,15.4,39,24.1,45,152,"","2.1","7.1","  8","8.2","2.4e+03","0.43"
"03471500",15.3000120077369,18.8728963519866,22.8364349299319,21.0583396260305,324.74457740943,56.0085178716352,NA,NA,NA,NA,NA,15.6,19.2,23.1,21.2,32,56,"","0.3","0.33","0.26","0.14","2.9e+02","0.0085"
"03472500",3.85898991109667,4.53944896242111,9.50059046234554,7.78226801353168,327.099423193767,30.8923766915973,NA,NA,NA,NA,NA,3.98,4.66,8.64,7.17,23,31,"","0.12","0.12","0.86","0.61","3e+02","0.11"
"03473000",64.1242867121935,72.4108871007976,91.738870043902,85.7614103611106,1520.48079412126,235.855188621443,NA,NA,NA,NA,NA,64.9,72.6,90.1,81.7,105,235,"","0.78","0.19","1.6","4.1","1.4e+03","0.86"
"03473500",2.60813631631194,2.68518089795262,2.98899415506804,2.82751835302138,21.4330629195579,5.55434421844647,NA,NA,NA,NA,NA,2.43,2.53,2.88,2.67,3.3,5.6,"","0.18","0.16","0.11","0.16"," 18","0.046"
"03474000",22.3340036093968,27.0741305189868,32.4835481890487,30.6051094836979,462.217154745328,76.6730058114219,NA,NA,NA,NA,NA,22.3,26.9,32.8,30.1,38,76,"","0.034","0.17","0.32","0.51","4.2e+02","0.67"
"03474500",21.2938341461445,26.3193803660643,36.3912756417837,31.6434897099871,661.313026406641,90.5661629491005,NA,NA,NA,NA,NA,18.1,25,33.4,29.1,35,91,"","3.2","1.3","  3","2.5","6.3e+02","0.43"
"03475000",17.0949175248839,42.8946103099739,54.1554038785028,49.4567661962956,708.167186077269,123.671100667513,NA,NA,NA,NA,NA,17.9,43.7,55,50,61,122,"","0.81","0.81","0.84","0.54","6.5e+02","1.7"
"03477500",3.40888185351789,3.53843097352155,3.96565515604618,3.83931875195766,36.9605011912328,8.70054893092747,NA,NA,NA,NA,NA,3.11,3.18,3.8,3.46,3.1,8.7,"","0.3","0.36","0.17","0.38"," 34","0.00055"
"03478400",7.83936340272976,8.35673582428635,10.181467339961,9.33138735607774,65.748640767247,22.1326028071383,NA,NA,NA,NA,NA,7.96,8.48,10.1,9.24,12,22,"","0.12","0.12","0.081","0.091"," 54","0.13"
"03488000",32.4323069221978,23.4127212077798,30.3674540633223,27.8809432512682,1054.88042026783,97.4268002719157,NA,NA,NA,NA,NA,18.3,23.7,30.9,27.2,39,96,""," 14","0.29","0.53","0.68","1e+03","1.4"
"03489500",42.6342315357507,48.4415115829474,72.8024286735317,62.8517565609909,2215.57688116151,232.60597407651,NA,NA,NA,NA,NA,36,46,67.9,55.3,118,233,"","6.6","2.4","4.9","7.6","2.1e+03","0.39"
"03489900",4.99727806075794,6.75857508566215,10.6688451480837,10.264098815316,436.95293631308,32.6125044038728,NA,NA,NA,NA,NA,4.41,6.45,11.3,9.64,10,33,"","0.59","0.31","0.63","0.62","4.3e+02","0.39"
"03490000",52.230622447773,58.2152302274664,89.4625000559823,79.6115984811793,3677.41180216283,277.375105645411,NA,NA,NA,NA,NA,53.1,58.6,87.5,75.7,87,277,"Diurnal Fluctuation at low flow prior to 1957","0.87","0.38","  2","3.9","3.6e+03","0.38"
"03521500",11.4202592957223,15.6369728117417,21.9675733976756,19.6707503862582,648.562602394277,66.0269789916661,NA,NA,NA,NA,NA,11.8,15.8,21.5,19.1,25,66,"","0.38","0.16","0.47","0.57","6.2e+02","0.027"
"03524000",46.8519192733574,51.8677315398504,74.7802772471773,67.0566805930983,2530.67770027968,237.503241836278,NA,NA,NA,NA,NA,47.8,54,74.2,64.9,89,236,"","0.95","2.1","0.58","2.2","2.4e+03","1.5"
"03524500",1.37404568928778,1.60882380550525,5.33525720548553,2.91427743838261,543.641580011276,20.7015902316079,NA,NA,NA,NA,NA,1.73,1.96,3.76,2.6,8.3,21,"","0.36","0.35","1.6","0.31","5.4e+02","0.3"
"03526000",15.6534220480419,14.4812392826064,18.1108243866255,17.7837967880726,483.310268259273,58.8773507573927,NA,NA,NA,NA,NA,16.3,18.4,23.2,21.6,21,58,"","0.65","3.9","5.1","3.8","4.6e+02","0.88"
"03527000",93.9752717238592,83.5014669369031,98.8850382630612,94.9425337434072,8916.77476802298,487.367693720399,NA,NA,NA,NA,NA,93.8,98.9,139,117,176,484,"","0.18"," 15"," 40"," 22","8.7e+03","3.4"
"03529500",6.29455704330141,7.24759614497238,12.7073082782714,9.83818064766992,792.462552263548,49.0773594367284,NA,NA,NA,NA,NA,7.21,8.02,13.1,9.95,18,47,"","0.92","0.77","0.39","0.11","7.7e+02","2.1"
"03531000",13.5219808193018,15.7807036731462,23.2370794100402,21.5241764790587,2417.66977136463,111.087736727151,NA,NA,NA,NA,NA,12.1,13.7,23.3,18.3,60,111,"","1.4","2.1","0.063","3.2","2.4e+03","0.088"
"03531500",23.4211910691362,24.8338047240941,38.3149085912982,31.948059951433,2099.09165577854,138.186154436191,NA,NA,NA,NA,NA,24.6,26.3,38.3,31.2,52,137,"","1.2","1.5","0.015","0.75","2e+03","1.2"
